scenario,malicious,model,episodes,hits,detection_rate,median_onset_ms,p95_onset_ms,misses
ordinary_messages,false,static_window,3000,0,0,,,3000
ordinary_messages,false,token_bucket,3000,0,0,,,3000
ordinary_messages,false,sentinel,3000,0,0,,,3000
legitimate_message_burst,false,static_window,3000,2999,0.9996666666666667,703.7731296615675,852.5274046463892,1
legitimate_message_burst,false,token_bucket,3000,0,0,,,3000
legitimate_message_burst,false,sentinel,3000,0,0,,,3000
legitimate_vc_reconnect,false,static_window,3000,0,0,,,3000
legitimate_vc_reconnect,false,token_bucket,3000,0,0,,,3000
legitimate_vc_reconnect,false,sentinel,3000,0,0,,,3000
legitimate_intensive_collaboration,false,static_window,3000,3000,1,449.5063620735891,525.6775033543818,0
legitimate_intensive_collaboration,false,token_bucket,3000,3000,1,899.862998095341,1046.2517982744612,0
legitimate_intensive_collaboration,false,sentinel,3000,3000,1,990.2523239585571,1128.636712699663,0
rapid_message_abuse,true,static_window,3000,3000,1,451.0333908139728,528.352368355263,0
rapid_message_abuse,true,token_bucket,3000,3000,1,902.318369387649,1054.5742629258893,0
rapid_message_abuse,true,sentinel,3000,3000,1,993.4625809756108,1137.2013449459337,0
rapid_vc_churn,true,static_window,3000,12,0.004,2028.139555780217,3132.150326250121,2988
rapid_vc_churn,true,token_bucket,3000,3000,1,907.5998693238944,1312.0078088250011,0
rapid_vc_churn,true,sentinel,3000,3000,1,1207.9434966668487,1640.915962215513,0
slow_vc_churn,true,static_window,3000,0,0,,,3000
slow_vc_churn,true,token_bucket,3000,0,0,,,3000
slow_vc_churn,true,sentinel,3000,0,0,,,3000
unobservable_media_flood,true,static_window,3000,0,0,,,3000
unobservable_media_flood,true,token_bucket,3000,0,0,,,3000
unobservable_media_flood,true,sentinel,3000,0,0,,,3000
