policy,tp,fp,tn,fn,recall,fpr,precision
threshold_50,6000,3000,9000,6000,0.5,0.25,0.6666666666666666
threshold_55,6000,3000,9000,6000,0.5,0.25,0.6666666666666666
threshold_60,6000,3000,9000,6000,0.5,0.25,0.6666666666666666
threshold_65,6000,3000,9000,6000,0.5,0.25,0.6666666666666666
threshold_70,6000,3000,9000,6000,0.5,0.25,0.6666666666666666
threshold_75,3767,777,11223,8233,0.3139166666666667,0.06475,0.8290052816901409
threshold_80,746,0,12000,11254,0.06216666666666667,0,1
threshold_85,0,0,12000,12000,0,0,
threshold_90,0,0,12000,12000,0,0,
threshold_95,0,0,12000,12000,0,0,
threshold_100,0,0,12000,12000,0,0,
without_profile,6000,3000,9000,6000,0.5,0.25,0.6666666666666666
without_recent_join,6000,3000,9000,6000,0.5,0.25,0.6666666666666666
without_group_pressure,6000,3000,9000,6000,0.5,0.25,0.6666666666666666
without_context,6000,3000,9000,6000,0.5,0.25,0.6666666666666666
